0101,Polar Bear Plunge Day
0201,Buffet Day
0201,Run It up the Flagpole and See If Anyone Salutes It Day
0201,Science Fiction Day
0301,Fruitcake Toss Day
0301,Festival of Sleep Day
0401,Trivia Day
0501,Bird Day
0601,Bean Day
0701,Old Rock Day
0801,Earth's Rotation Day
0801,Clean Off Your Desk Day
0901,Static Electricity Day
0901,Word Nerd Day
1001,Cut Your Energy Costs Day
1101,Learn Your Name in Morse Code Day
1201,Marzipan Day
1301,Make Your Dreams Come True Day
1401,Organize Your Home Day
1501,Strawberry Ice Cream Day
1601,Nothing Day
1701,Benjamin Franklin Day
1701,Kid Inventors' Day
1701,Ditch New Year's Resolution Day
1801,Thesaurus Day
1901,Tin Can Day
1901,Popcorn Day
2001,Soup Swap Day
2001,Penguin Awareness Day
2101,Squirrel Appreciation Day
2201,Hot Sauce Day
2301,Handwriting Day
2401,Compliment Day
2401,Macintosh Computer Day
2501,Opposite Day
2601,Spouse's Day
2701,Chocolate Cake Day
2701,e-Day
2801,Data Privacy Day
2901,Puzzle Day
3001,Croissant Day
3101,Backwards Day
0202,Work Naked Day
0202,Day of the Crêpe
0202,Play Your Ukulele Day
0302,Eat Ice Cream for Breakfast Day
0302,Carrot Cake Day
0402,Thank Your Mailman Day
0402,Create a Vacuum Day
0402,Stuffed Mushroom Day
0502,National Weatherperson's Day
0502,Chocolate Fondue Day
0602,Lame Duck Day
0702,e-Day
0702,Send a Card to a Friend Day
0802,Laugh and Get Rich Day
0902,Toothache Day
0902,Bagel and Lox Day
1002,Umbrella Day
1102,Make a Friend Day
1102,Don't Cry Over Spilled Milk Day
1202,Clean Out Your Computer Day
1202,Darwin Day
1302,World Radio Day
1402,Ferris Wheel Day
1402,Library Lovers Day
1502,Gumdrop Day
1602,Do a Grouch a Favor Day
1702,Random Act of Kindness Day
1802,Battery Day
1902,Chocolate Mint Day
2202,Single Tasking Day
2202,Be Humble Day
2302,International Dog Biscuit Appreciation Day
2402,Tortilla Chip Day
2402,World Sword Swallowers Day
2602,Pistachio Day
2602,Tell a Fairy Tale Day
2702,No Brainer Day
2802,Public Sleeping Day
0103,World Compliment Day
0103,Plan a Solo Vacation Day
0203,Old Stuff Day
0303,I Want You to be Happy Day
0403,March Forth and Do Something Day
0503,Learn What Your Name Means Day
0503,Cinco de Marcho
0603,Dentist’s Day
0703,Alexander Graham Bell Day
0803,Proofreading Day
1003,Mario Day
1103,Oatmeal Nut Waffle Day
1203,Napping Day
1203,Alfred Hitchcock Day
1303,Jewel Day
1403,Pi Day
1503,Everything You Think is Wrong Day
1503,Absolutely Incredible Kid Day
1603,Every Thing You Do is Right Day
1703,Submarine Day
1803,Awkward Moments Day
1903,Let's Laugh Day
2003,World Storytelling Day
2003,Proposal Day
2103,Common Courtesy Day
2203,International Goof Off Day
2303,OK Day
2303,Puppy Day
2303,Near Miss Day
2403,Chocolate Covered Raisins Day
2503,Waffle Day
2503,Tolkien Reading Day
2603,Make Up Your Own HoliDay Day
2703,Spanish Paella Day
2803,Something on a Stick Day
2903,Smoke and Mirrors Day
3003,Take a Walk in the Park Day
3103,Bunsen Burner Day
0104,Fun at Work Day
0304,World Party Day
0404,Tell a Lie Day
0504,Read a Road Map Day
0504,First Contact Day
0604,Walk to Work Day
0604,Sorry Charlie Day
1004,Be Kind to Lawyers Day
1004,Siblings Day
1104,Barbershop Quartet Day
1204,Grilled Cheese Day
1204,Yuri's Night
1304,Scrabble Day
1404,International Moment of Laughter Day
1404,Reach as High as You Can Day
1404,Look up the Sky Day
1604,Eggs Benedict Day
1604,Wear Pajamas to Work Day
1704,Haiku Poetry Day
1804,Columnist Day
2004,Look Alike Day
2104,Record Store Day
2104,Astronomy Day
2204,Jelly Bean Day
2304,Take a Chance Day
2304,Impossible Astronaut Day
2304,Lover's Day
2504,DNA Day
2604,Poem in Your Pocket Day
2604,Take Our Daughters and Sons to Work Day
2604,Pretzel Day
2604,Richter Scale Day
2704,World Pinhole Photography Day
2904,Zipper Day
3004,Honesty Day
0105,Batman Day
0405,No Pants Day
0405,Space Day
0405,Star Wars Day
0505,Herb Day
0505,Free Comic Book Day
0605,Beverage Day
0905,National School Nurse Day
0905,Europe Day
0905,Lost Sock Memorial Day
1005,Clean Up Your Room Day
1105,Twilight Zone Day
1105,Eat What You Want Day
1205,Limerick Day
1305,Frog Jumping Day
1405,Dance Like a Chicken Day
1505,Chocolate Chip Day
1705,Pack Rat Day
1805,Pizza Party Day
1805,No Dirty Dishes Day
1905,May Ray Day
2005,Be a Millionaire Day
2105,Talk Like Yoda Day
2205,Buy a Musical Instrument Day
2405,Scavenger Hunt Day
2505,Sing Out Day
2505,Towel Day
2605,World Lindy Hop Day
2705,Sun Screen Day
2805,Hamburger Day
2905,Put a Pillow on Your Fridge Day
3005,My Bucket's Got a Hole Day
3105,Macaroon Day
0106,Say Something Nice Day
0106,National Doughnut Day
0206,Leave the Office Early Day
0306,Repeat Day
0406,Leave the Office Early Day
0406,Hug Your Cat Day
0606,Drive-In Movie Day
0706,VCR Day
0806,Best Friends Day
0906,Donald Duck Day
1006,Iced Tea Day
1106,Corn on the Cob Day
1206,Red Rose Day
1306,Sewing Machine Day
1406,Bourbon Day
1506,Nature Photography Day
1606,World Juggling Day
1606,BloomsDay
1706,Eat Your Vegetables Day
1806,International Picnic Day
1806,International Panic Day
1906,Sauntering Day
2106,Daylight Appreciation Day
2206,Take Your Dog to Work Day
2206,Onion Ring Day
2306,Typewriter Day
2406,Swim a Lap Day
2506,Please Take my Children to Work Day
2606,Chocolate Pudding Day
2706,Helen Keller Day
2806,Tau Day
2906,Camera Day
3006,Meteor Watch Day
0107,International Joke Day
0207,I Forgot Day
0207,World UFO Day
0307,Compliment Your Mirror Day
0307,International Plastic Bag Free Day
0407,Sidewalk Egg Frying Day
0507,Workaholics Day
0607,World Kissing Day
0707,Tell the Truth Day
0807,Video Games Day
0807,Math 2.0 Day
0907,Sugar Cookie Day
1007,Teddy Bears' Picnic Day
1007,Clerihew Day
1107,Cheer Up the Lonely Day
1207,Simplicity Day
1307,Embrace Your Geekness Day
1407,Pandemonium Day
1507,Gummi Worm Day
1607,Corn Fritters Day
1707,Yellow Pig Day
1707,World Emoji Day
1807,Insurance Nerd Day
1807,Caviar Day
1907,Stick Out Your Tongue Day
2007,Space Exploration Day
2107,Junk Food Day
2207,Ice Cream Day
2207,Pi Approximation Day
2307,Vanilla Ice Cream Day
2407,Cousins Day
2507,Culinarians Day
2607,Uncle and Aunt Day
2707,Take your Pants for a Walk Day
2807,Milk Chocolate Day
2907,Lasagna Day
3007,National Cheesecake Day
3107,Uncommon Musical Instrument Day
0108,Girlfriend's Day
0208,Ice Cream Sandwich Day
0308,Watermelon Day
0308,International Beer Day
0408,Single Working Women's Day
0508,Sisters' Day
0508,Work Like a Dog Day
0608,Fresh Breath Day
0708,Lighthouse Day
0808,Happiness Happens Day
0908,Book Lovers Day
1008,Lazy Day
1108,Son and Daughter Day
1208,Middle Child Day
1308,Left-Handers Day
1408,Creamsicle Day
1508,Relaxation Day
1608,Tell a Joke Day
1708,Thrift Shop Day
1808,Mail Order Catalog Day
1908,World Photo Day
2008,Chocolate Pecan Pie Day
2108,Spumoni Day
2208,Be An Angel Day
2308,Ride Like the Wind Day
2408,Pluto Demoted Day
2508,Kiss and Make up Day
2608,Dog Appreciation Day
2708,The Duchess Who Wasn't Day
2808,Bow Tie Day
2908,According to Hoyle Day
3008,Frankenstein Day
3108,Eat Outside Day
0109,Emma Nutt Day
0109,No Rhyme or Reason Day
0209,Bison Ten Yell Day
0309,Skyscraper Day
0409,Eat an Extra Dessert Day
0509,Be Late for Something Day
0509,Cheese Pizza Day
0609,Fight Procrastination Day
0609,Read a Book Day
0709,Salami Day
0809,Pardon Day
0909,Teddy Bear Day
1009,Swap Ideas Day
1109,Make Your Bed Day
1209,Chocolate Milkshake Day
1309,Positive Thinking Day
1309,Roald Dahl Day
1409,Hug Your Hound Day
1509,National CleanUp Day
1509,Make a Hat Day
1609,Collect Rocks Day
1609,Guacamole Day
1709,International Country Music Day
1809,Rice Krispie Treat Day
1909,National Gymnastics Day
1909,International Talk Like a Pirate Day
2009,Punch Day
2109,Miniature Golf Day
2209,Hobbit Day
2309,Checkers Day
2409,Punctuation Day
2509,Comic Book Day
2609,Love Note Day
2709,Crush a Can Day
2809,Ask a Stupid Question Day
2809,Good Neighbor Day
3009,Hot Mulled Cider Day
0110,International Coffee Day
0110,Balloons Around the World Day
0210,Phileas Fogg Wager Day
0410,Taco Day
0510,World Smile Day
0510,Chic Spy Day
0610,Card Making Day
0610,Mad Hatter Day
0710,Frappé Day
0810,Pierogi Day
0910,Curious Days Day
1010,Handbag Day
1110,It's My Party Day
1210,Old Farmers Day
1310,Astronomy Day
1310,International Skeptics Day
1510,I Love Lucy Day
1510,National Clean Out Your Virtual Desktop Day
1610,Dictionary Day
1710,Wear Something Gaudy Day
1810,Chocolate Cupcake Day
2010,International Observe the Moon Night
2010,Sweetest Day
2010,International Sloth Day
2110,Count your Buttons Day
2210,Caps Lock Day
2310,Mole Day
2410,Bologna Day
2510,Sourest Day
2610,Howl at the Moon Day and Night
2710,American Beer Day
2810,International Animation Day
2910,Internet Day
3010,Candy Corn Day
3110,Magic Day
0111,Author's Day
0111,Men Make Dinner Day
0211,Deviled Eggs Day
0311,Sandwich Day
0411,Zero Tasking Day
0411,Common Sense Day
0611,Saxophone Day
0711,Bittersweet Chocolate with Almonds Day
0811,Tongue Twister Day
0911,Chaos Never Dies Day
1011,Forget Me Not Day
1011,Vanilla Cupcake Day
1111,Origami Day
1211,Happy Hour Day
1311,World Kindness Day
1311,Sadie Hawkins Day
1411,Spicy Guacamole Day
1411,Pickle Day
1511,Clean Out Your Refrigerator Day
1511,Use Less Stuff Day
1611,Fast Food Day
1711,Take A Hike Day
1811,Push Button Phone Day
2011,National Absurdity Day
2111,World Hello Day
2211,Go For a Ride Day
2311,Fibonacci Day
2311,Buy Nothing Day
2411,Celebrate Your Unique Talent Day
2511,Shopping Reminder Day
2611,Cake Day
2811,Red Planet Day
2911,Electronic Greeting Card Day
3011,Computer Security Day
0112,Eat a Red Apple Day
0212,Fritters Day
0312,Make a Gift Day
0412,Wear Brown Shoes Day
0512,Day of the Ninja
0612,Put on Your Own Shoes Day
0612,Microwave Oven Day
0712,Letter Writing Day
0812,Pretend to Be a Time Traveler Day
0912,Christmas Card Day
1012,Dewey Decimal System Day
1012,Jane Addams Day
1112,Noodle Ring Day
1212,Gingerbread House Day
1412,Official Lost and Found Day
1412,Monkey Day
1612,Chocolate Covered Anything Day
1712,Wright Brothers Day
1912,Underdog Day
2012,Sangria Day
2112,Ugly Sweater Day
2112,International Dalek Remembrance Day
2212,Date Nut Bread Day
2312,Festivus
2412,Eggnog Day
2512,Grav Mass Day
2512,"A'phabet Day or No ""L"" Day"
2612,Thank You Note Day
2712,No Interruptions Day
2812,Card Playing Day
2912,Pepper Pot Day
3012,Bicarbonate of Soda Day
3112,Make Up Your Mind Day
